Product Design,22314
Documentary,16139
Music,15727
Tabletop Games,14180
Shorts,12357
Video Games,11830
Food,11493
Film & Video,10108
Fiction,9169
Fashion,8554
Nonfiction,8318
Art,8253
Apparel,7166
Theater,7057
Technology,6930
Rock,6758
Children's Books,6756
Apps,6345
Publishing,6018
Webseries,5762
Photography,5752
Indie Rock,5657
Narrative Film,5188
Web,5153
Comics,4996
Crafts,4664
Country & Folk,4451
Design,4199
Hip-Hop,3912
Hardware,3663
Pop,3350
Painting,3294
Games,3226
Illustration,3175
Accessories,3165
Public Art,3077
Software,3048
Gadgets,2965
Restaurants,2819
Mixed Media,2757
Comic Books,2743
Art Books,2676
Classical Music,2613
Animation,2541
Playing Cards,2497
Drinks,2422
Dance,2322
Comedy,2320
Drama,2179
Electronic Music,2170
Performance Art,2154
World Music,2102
Graphic Design,2002
Graphic Novels,1864
Jazz,1850
Sculpture,1810
Small Batch,1808
Mobile Games,1789
Food Trucks,1752
Journalism,1747
Photobooks,1580
Plays,1378
Poetry,1369
Digital Art,1346
Horror,1287
Periodicals,1265
Jewelry,1239
Wearables,1233
DIY,1173
Woodworking,1167
Farms,1154
People,1103
Faith,1092
Live Games,1050
Conceptual Art,1030
Television,1015
Performances,1013
Footwear,931
Experimental,924
Radio & Podcasts,923
Academic,916
Musical,913
DIY Electronics,902
Ready-to-wear,864
Spaces,841
Festivals,839
Young Adult,821
Events,818
Anthologies,784
Fine Art,776
Architecture,760
Thrillers,746
Science Fiction,744
Action,740
Places,739
Print,727
Metal,717
Music Videos,709
3D Printing,683
Sound,669
Webcomics,648
Vegan,588
Nature,574
Robots,572
Cookbooks,540
Childrenswear,483
Installations,482
R&B,458
Candles,429
Gaming Hardware,428
Video,428
Flight,426
Farmer's Markets,424
Camera Equipment,416
Audio,410
Interactive Design,398
Zines,391
Fantasy,345
Family,336
Immersive,330
Calendars,329
Space Exploration,323
Punk,317
Ceramics,305
Community Gardens,298
Civic Design,289
Kids,285
Literary Journals,278
Textiles,276
Couture,275
Blues,268
Animals,255
Fabrication Tools,250
Makerspaces,238
Printing,238
Movie Theaters,232
Puzzles,231
Bacon,221
Stationery,219
Photo,196
Video Art,194
Romance,190
Knitting,181
Workshops,164
Crochet,162
Translations,153
Pet Fashion,139
Glass,138
Latin,137
Embroidery,113
Typography,108
Pottery,100
Weaving,93
Quilts,81
Residencies,69
Letterpress,49
Chiptune,35
Literary Spaces,27
Taxidermy,13
